EmployeeID,Age,Department,MonthlyIncome,JobSatisfaction,YearsAtCompany,YearsSinceLastPromotion,WorkLifeBalance,Attrition,SalaryBand
1,50,Operations,92711,4,1,4,1,No,Medium
2,36,Sales,71323,2,16,6,2,No,Medium
3,29,Operations,48752,4,3,0,1,No,Low
4,42,Operations,127912,4,13,0,4,No,High
5,40,IT,112205,1,9,9,3,Yes,High
6,44,HR,128452,3,2,2,3,Yes,High
7,32,Sales,43395,1,2,1,2,No,Low
8,32,IT,115957,3,14,1,3,No,High
9,45,HR,86273,4,5,6,4,Yes,Medium
10,57,HR,121878,1,16,9,3,No,High
11,45,Finance,34895,3,11,1,2,Yes,Low
12,24,Sales,149968,2,19,3,4,No,High
13,43,HR,145700,3,10,1,1,No,High
14,23,IT,106559,1,3,5,2,No,High
15,45,Finance,40699,2,5,7,1,No,Low
16,51,Sales,95061,3,0,9,4,No,Medium
17,59,Operations,39715,3,19,3,2,Yes,Low
18,23,IT,49169,3,15,4,2,Yes,Low
19,42,HR,148413,3,14,3,4,No,High
20,54,HR,46163,3,16,2,3,No,Low
21,33,IT,149264,2,7,4,2,No,High
22,43,HR,35782,4,11,8,2,No,Low
23,46,Finance,118177,2,9,7,1,No,High
24,48,Sales,114328,2,14,7,3,Yes,High
25,49,Finance,145028,2,8,7,1,No,High
26,37,HR,65585,4,1,7,1,No,Medium
27,36,Operations,60682,1,4,6,3,No,Medium
28,24,Sales,77864,4,5,7,3,No,Medium
29,58,Sales,114416,2,6,7,4,Yes,High
30,28,IT,85114,3,0,7,3,No,Medium
31,42,IT,68067,3,6,9,2,No,Medium
32,30,Operations,72685,2,19,6,3,No,Medium
33,39,Sales,48073,3,11,0,4,Yes,Low
34,25,Operations,66035,2,15,3,4,Yes,Medium
35,46,IT,94977,3,15,3,4,No,Medium
36,35,IT,132710,4,10,4,3,No,High
37,30,Sales,120373,1,3,9,3,No,High
38,47,Finance,113362,1,12,5,1,No,High
39,23,HR,120517,4,6,3,1,No,High
40,41,IT,95450,4,3,1,2,No,Medium
41,49,IT,40382,2,14,5,1,No,Low
42,28,Finance,34437,2,18,7,2,No,Low
43,29,Finance,100971,2,8,7,4,No,High
44,56,Operations,94612,3,10,6,1,No,Medium
45,35,Operations,120355,2,7,5,3,Yes,High
46,38,HR,91929,4,0,1,1,Yes,Medium
47,57,HR,132411,1,7,6,2,No,High
48,25,Sales,127518,3,12,4,1,No,High
49,23,Operations,128864,2,3,5,4,No,High
50,27,IT,42329,3,7,9,3,Yes,Low
51,25,Operations,55169,3,2,7,2,No,Medium
52,50,IT,117468,2,8,7,3,No,High
53,39,Finance,64594,3,1,2,3,Yes,Medium
54,47,Operations,106957,1,1,6,2,No,High
55,55,Finance,90631,4,12,0,3,No,Medium
56,31,HR,75033,4,14,0,3,No,Medium
57,57,HR,93133,1,11,6,1,Yes,Medium
58,35,Sales,103165,3,3,9,3,Yes,High
59,52,Operations,103861,2,7,8,3,No,High
60,36,Finance,82290,3,8,6,3,Yes,Medium
61,29,IT,124031,1,4,9,3,No,High
62,35,HR,61750,3,19,4,2,Yes,Medium
63,44,HR,125155,4,17,7,4,No,High
64,42,IT,70461,3,10,1,1,Yes,Medium
65,37,Finance,103800,1,14,8,3,No,High
66,39,Finance,108222,4,8,5,3,No,High
67,45,Operations,142020,3,16,8,2,Yes,High
68,47,Operations,54226,3,11,1,4,No,Medium
69,46,Sales,36721,4,6,2,3,No,Low
70,50,HR,86154,2,9,7,2,No,Medium
71,36,Operations,50609,4,9,0,1,No,Medium
72,22,Finance,82130,2,12,9,1,No,Medium
73,46,IT,102909,1,18,6,3,No,High
74,28,Finance,134211,1,10,6,3,No,High
75,30,HR,85249,4,12,0,4,Yes,Medium
76,45,Finance,78895,4,7,8,4,Yes,Medium
77,22,Sales,124473,1,7,7,3,No,High
78,29,HR,35656,2,3,3,2,No,Low
79,45,IT,104520,1,14,9,4,No,High
80,32,Sales,93740,4,10,4,3,No,Medium
81,38,HR,94309,1,10,1,4,No,Medium
82,29,IT,59984,4,0,8,3,No,Medium
83,56,Sales,148947,4,16,5,1,No,High
84,56,Sales,103822,1,14,2,3,No,High
85,54,HR,35901,2,19,6,1,No,Low
86,26,Operations,61552,3,5,8,4,Yes,Medium
87,49,Sales,121245,1,14,2,3,No,High
88,28,Sales,61055,3,8,1,4,No,Medium
89,30,IT,67685,1,13,6,1,No,Medium
90,29,Finance,103965,3,17,6,3,No,High
91,33,HR,44716,2,16,3,4,No,Low
92,55,HR,144099,2,17,8,1,No,High
93,54,Operations,41138,1,4,7,4,No,Low
94,44,Operations,65298,4,19,0,2,No,Medium
95,45,HR,81112,3,19,0,1,No,Medium
96,58,Operations,53429,4,8,4,1,No,Medium
97,56,IT,80200,4,10,5,1,No,Medium
98,43,HR,101308,4,0,2,3,No,High
99,48,Operations,78244,2,17,8,3,No,Medium
100,56,HR,147217,1,5,9,3,No,High
101,22,Finance,144055,1,1,5,2,No,High
102,56,Sales,131268,2,14,3,2,No,High
103,58,HR,135441,2,13,6,1,No,High
104,35,Sales,47347,1,4,7,2,No,Low
105,24,Operations,46920,4,5,8,4,No,Low
106,22,Sales,61822,3,5,5,1,No,Medium
107,26,HR,76659,3,17,5,1,No,Medium
108,47,Finance,70108,3,13,7,4,No,Medium
109,35,Operations,119099,4,9,4,1,No,High
110,48,HR,37967,1,13,2,2,No,Low
111,30,Operations,140719,2,12,2,3,No,High
112,36,IT,41871,1,2,5,4,No,Low
113,36,Sales,124299,4,5,1,2,Yes,High
114,47,IT,107452,2,7,5,4,No,High
115,34,HR,104270,4,11,5,4,No,High
116,53,Finance,63613,3,12,7,1,No,Medium
117,53,Operations,58179,3,10,6,1,No,Medium
118,25,Sales,82188,4,11,7,2,No,Medium
119,51,Operations,85099,2,0,8,4,No,Medium
120,58,HR,65262,2,16,5,1,Yes,Medium
121,44,Operations,108213,1,15,2,1,No,High
122,36,Sales,147407,3,10,9,4,No,High
123,50,HR,48268,1,12,2,2,No,Low
124,57,Operations,107866,1,17,0,2,No,High
125,34,Finance,116269,4,10,4,4,No,High
126,53,HR,90545,4,11,3,2,No,Medium
127,28,HR,133483,1,5,8,1,No,High
128,43,Finance,122822,3,8,8,4,No,High
129,49,IT,102146,4,15,4,1,No,High
130,23,Sales,101966,1,3,9,3,No,High
131,27,IT,69922,1,2,3,3,No,Medium
132,49,Operations,109364,1,15,6,2,No,High
133,49,Finance,72913,1,11,5,3,No,Medium
134,41,IT,127033,1,10,3,1,No,High
135,51,HR,134792,1,4,9,3,No,High
136,32,Operations,149425,4,17,1,1,No,High
137,49,Operations,85677,3,18,0,2,No,Medium
138,46,IT,132154,1,5,3,2,Yes,High
139,54,IT,79841,2,17,3,1,No,Medium
140,22,Finance,76332,4,5,0,3,Yes,Medium
141,48,Sales,122062,4,3,5,2,Yes,High
142,34,IT,149863,1,11,3,4,No,High
143,24,IT,125694,4,18,0,2,No,High
144,27,HR,55032,1,1,0,3,No,Medium
145,29,Operations,67846,3,16,0,4,No,Medium
146,48,Sales,89474,3,10,7,3,No,Medium
147,30,HR,74936,4,10,9,1,Yes,Medium
148,58,Finance,59794,4,15,7,4,No,Medium
149,54,Finance,91588,2,1,1,3,No,Medium
150,45,IT,100984,4,1,6,4,No,High
151,36,IT,80331,2,7,7,3,No,Medium
152,53,Finance,124397,3,12,7,4,No,High
153,53,IT,58141,3,9,9,3,No,Medium
154,45,Sales,39074,1,7,6,1,No,Low
155,33,IT,36406,3,3,4,4,No,Low
156,23,Operations,127359,2,14,0,4,Yes,High
157,24,IT,53291,4,0,8,4,No,Medium
158,58,HR,71568,1,10,6,4,Yes,Medium
159,38,Sales,127539,2,6,1,1,No,High
160,23,HR,76851,4,16,5,4,No,Medium
161,23,HR,129942,1,19,1,2,No,High
162,49,Operations,84823,3,17,0,1,No,Medium
163,44,Sales,53312,2,11,6,2,No,Medium
164,58,Sales,73108,4,8,1,4,No,Medium
165,53,Sales,96918,1,4,1,3,No,Medium
166,54,Sales,64171,1,9,4,2,No,Medium
167,22,Sales,71779,3,3,4,4,Yes,Medium
168,40,Operations,98828,4,4,6,2,No,Medium
169,23,IT,137315,3,9,0,4,No,High
170,47,HR,128723,3,10,7,4,Yes,High
171,53,Sales,42411,4,9,2,4,No,Low
172,27,IT,132821,4,7,3,3,Yes,High
173,53,IT,147990,4,1,8,2,No,High
174,25,HR,87009,2,7,3,1,No,Medium
175,32,Operations,45422,4,15,9,1,No,Low
176,38,Finance,72468,1,4,4,1,Yes,Medium
177,59,Finance,62371,3,2,6,1,No,Medium
178,45,IT,87022,2,11,3,4,Yes,Medium
179,26,HR,101229,4,12,0,2,No,High
180,55,Finance,129071,2,12,8,2,No,High
181,27,IT,81196,4,9,3,3,No,Medium
182,43,Operations,110354,2,3,8,2,No,High
183,32,Finance,126774,3,8,5,2,No,High
184,37,IT,126410,3,1,0,2,No,High
185,54,IT,56715,1,18,2,3,No,Medium
186,30,Sales,57605,1,0,1,1,No,Medium
187,27,Operations,129853,4,6,8,2,No,High
188,37,Sales,61174,3,16,0,3,No,Medium
189,50,HR,39956,2,2,8,3,Yes,Low
190,24,Sales,134444,2,19,8,4,No,High
191,41,Sales,106373,2,19,7,3,Yes,High
192,57,Finance,99252,1,2,7,1,No,Medium
193,40,IT,91949,2,2,0,2,No,Medium
194,47,Operations,92646,1,16,7,3,No,Medium
195,24,Sales,100017,1,6,9,1,No,High
196,40,Operations,93037,4,13,2,3,Yes,Medium
197,41,Sales,119818,2,16,6,3,No,High
198,53,HR,36548,2,17,0,3,No,Low
199,28,Sales,146981,3,12,0,3,No,High
200,54,Finance,133141,4,19,9,3,No,High
201,39,IT,103294,3,19,4,1,No,High
202,22,HR,139204,4,17,4,2,No,High
203,32,Sales,53177,2,3,7,2,No,Medium
204,49,Operations,54022,1,0,6,2,Yes,Medium
205,46,HR,136297,1,17,7,2,No,High
206,44,HR,35542,1,0,5,1,No,Low
207,52,Sales,121012,1,12,5,4,No,High
208,51,HR,126320,1,19,1,4,No,High
209,56,Operations,90428,3,19,5,1,No,Medium
210,28,HR,52740,4,9,4,1,No,Medium
211,37,Operations,89353,2,10,2,3,No,Medium
212,47,Sales,120353,3,8,5,3,Yes,High
213,23,IT,143132,4,8,7,3,No,High
214,22,HR,86532,1,4,8,2,Yes,Medium
215,33,IT,46052,4,0,0,3,Yes,Low
216,26,Operations,130689,4,16,2,4,No,High
217,58,HR,77076,1,1,2,2,No,Medium
218,53,Finance,83420,1,12,7,3,No,Medium
219,30,IT,30671,1,8,0,2,No,Low
220,56,HR,30163,2,3,4,4,No,Low
221,40,IT,71424,1,4,2,3,No,Medium
222,37,HR,139538,2,10,1,4,No,High
223,24,Sales,83744,1,18,7,4,No,Medium
224,41,IT,100331,2,2,2,4,No,High
225,45,Finance,40634,4,11,6,3,No,Low
226,54,Finance,34798,3,18,0,1,No,Low
227,45,Operations,52420,4,18,5,3,Yes,Medium
228,32,HR,147043,4,12,2,4,No,High
229,29,IT,59300,1,6,7,3,No,Medium
230,57,Operations,119881,2,14,5,4,No,High
231,59,IT,40749,3,6,1,1,Yes,Low
232,41,HR,134131,1,7,5,2,No,High
233,56,Finance,55121,1,4,6,1,No,Medium
234,46,Sales,67487,1,13,4,1,No,Medium
235,56,Finance,123947,4,3,2,2,Yes,High
236,46,Operations,63361,2,9,3,3,No,Medium
237,50,Sales,51223,2,19,3,2,No,Medium
238,39,Operations,102930,3,14,5,3,No,High
239,39,HR,44056,2,17,9,3,No,Low
240,23,Sales,58380,2,19,0,4,No,Medium
241,56,Operations,56035,1,12,3,4,No,Medium
242,37,HR,60620,1,7,9,2,Yes,Medium
243,57,Finance,49877,4,8,3,1,Yes,Low
244,54,HR,85316,1,15,9,2,No,Medium
245,25,IT,94041,1,18,0,3,No,Medium
246,54,HR,138940,1,15,8,4,Yes,High
247,35,HR,147360,1,6,3,2,No,High
248,42,IT,83352,4,13,6,2,No,Medium
249,41,Operations,60911,1,13,2,4,Yes,Medium
250,29,Operations,62784,3,3,9,4,No,Medium
251,28,HR,33191,3,14,2,4,Yes,Low
252,24,IT,63160,3,2,7,3,Yes,Medium
253,38,IT,120536,3,4,7,4,Yes,High
254,54,Finance,134576,1,0,0,1,No,High
255,33,Operations,94641,3,2,9,2,Yes,Medium
256,43,Sales,79723,1,14,1,4,Yes,Medium
257,43,Operations,33631,4,7,7,4,No,Low
258,51,Operations,36172,3,3,0,3,No,Low
259,59,Finance,72080,2,1,7,3,No,Medium
260,59,Sales,119097,3,9,7,2,No,High
261,29,Finance,120353,3,3,1,1,Yes,High
262,48,Sales,50281,1,2,3,2,No,Medium
263,48,HR,58671,3,1,5,4,No,Medium
264,55,Sales,81431,2,16,8,1,No,Medium
265,42,Finance,120900,1,19,7,1,No,High
266,51,Operations,137210,1,12,7,1,No,High
267,54,Sales,122961,4,4,6,1,Yes,High
268,49,Sales,145463,4,8,8,2,No,High
269,54,IT,58602,3,5,1,3,Yes,Medium
270,26,Operations,118789,4,4,2,3,No,High
271,40,HR,81399,4,9,9,4,No,Medium
272,25,Finance,53472,4,7,7,3,No,Medium
273,56,HR,79230,1,6,5,3,No,Medium
274,38,Operations,103616,1,6,9,3,No,High
275,49,Sales,37099,1,5,8,3,No,Low
276,51,Sales,148614,4,19,9,4,No,High
277,50,Operations,55431,1,2,3,2,No,Medium
278,27,Sales,86492,4,18,7,1,No,Medium
279,56,Sales,126722,1,14,9,3,No,High
280,58,Sales,77684,1,3,2,2,No,Medium
281,45,Finance,60111,2,11,2,3,No,Medium
282,50,Finance,135387,3,5,7,3,No,High
283,52,IT,93936,4,18,4,1,No,Medium
284,56,HR,52614,2,3,2,1,Yes,Medium
285,54,Operations,122260,1,14,9,1,No,High
286,42,Operations,71991,4,8,0,3,No,Medium
287,53,Operations,100476,1,4,2,3,No,High
288,44,IT,147959,3,12,8,3,No,High
289,54,Finance,90920,2,17,4,1,No,Medium
290,24,IT,124294,3,4,9,4,No,High
291,39,Operations,93530,2,15,1,2,No,Medium
292,46,HR,66224,1,18,6,4,No,Medium
293,52,Sales,37788,3,13,1,3,No,Low
294,24,Finance,58082,3,15,3,3,Yes,Medium
295,45,Finance,119570,1,14,6,4,Yes,High
296,53,IT,131015,3,3,3,3,No,High
297,43,Finance,106816,4,6,6,2,No,High
298,44,Operations,113588,2,15,6,3,No,High
299,23,Operations,46531,2,7,0,2,Yes,Low
300,48,IT,118340,2,16,5,4,No,High
301,23,Operations,124439,4,15,8,4,No,High
302,47,HR,74857,2,9,1,3,No,Medium
303,38,IT,40142,1,9,2,2,Yes,Low
304,54,HR,145053,3,1,9,3,No,High
305,30,Sales,78355,4,8,4,1,No,Medium
306,50,HR,39866,2,16,8,1,No,Low
307,47,Sales,100067,1,10,3,1,No,High
308,56,Sales,140990,3,9,0,1,No,High
309,46,HR,133634,3,16,3,3,No,High
310,45,IT,133814,4,3,5,1,No,High
311,34,Operations,94027,4,15,4,2,Yes,Medium
312,28,Operations,87906,4,19,0,4,No,Medium
313,57,Sales,58138,1,14,3,4,No,Medium
314,41,Sales,122601,1,4,5,1,No,High
315,22,IT,59956,4,5,9,1,No,Medium
316,29,Finance,137268,2,16,9,1,No,High
317,37,HR,134797,3,0,3,3,No,High
318,35,Sales,106295,3,18,8,4,Yes,High
319,33,Operations,35439,1,3,4,1,No,Low
320,44,IT,77241,3,16,7,2,No,Medium
321,36,HR,72533,2,8,8,1,No,Medium
322,49,IT,58270,3,1,9,4,No,Medium
323,55,HR,108815,1,7,4,1,Yes,High
324,23,HR,69279,1,14,5,4,No,Medium
325,53,Sales,139787,2,6,0,1,No,High
326,44,IT,53888,2,5,6,2,Yes,Medium
327,43,IT,47630,3,0,3,1,No,Low
328,46,Operations,91063,3,14,1,2,No,Medium
329,43,Operations,148527,1,6,4,2,Yes,High
330,43,Sales,65144,2,16,2,1,No,Medium
331,27,Sales,82161,2,1,5,2,No,Medium
332,36,Finance,126718,2,8,7,3,No,High
333,58,Operations,121074,3,8,6,1,No,High
334,54,HR,107360,2,12,2,1,Yes,High
335,29,IT,80979,1,5,7,2,Yes,Medium
336,26,Sales,127661,1,5,1,2,No,High
337,25,IT,36979,3,19,9,1,No,Low
338,27,IT,56189,4,19,8,3,No,Medium
339,53,Finance,72600,3,2,3,2,Yes,Medium
340,51,Operations,89560,4,16,0,2,No,Medium
341,56,Sales,108040,2,16,7,4,No,High
342,37,IT,91558,3,11,6,3,No,Medium
343,34,Sales,116205,1,15,4,3,No,High
344,51,HR,36910,2,14,9,1,Yes,Low
345,40,Finance,87713,1,12,4,3,No,Medium
346,38,HR,76857,2,0,6,1,No,Medium
347,40,Sales,64964,3,16,4,4,No,Medium
348,49,Sales,115667,4,2,7,3,No,High
349,47,Operations,55227,2,14,5,2,No,Medium
350,58,IT,35978,4,3,4,4,No,Low
351,47,IT,117527,2,3,8,1,No,High
352,44,HR,47153,1,17,1,4,No,Low
353,30,Finance,89765,1,16,0,1,No,Medium
354,33,IT,129084,2,18,7,4,No,High
355,22,Operations,138212,4,10,2,1,No,High
356,22,HR,69071,3,19,6,3,No,Medium
357,55,HR,142990,3,2,9,2,No,High
358,53,Operations,99519,1,7,7,1,No,Medium
359,46,Finance,39503,3,13,5,4,Yes,Low
360,22,Operations,90703,1,0,9,1,No,Medium
361,37,Finance,94379,3,13,8,1,No,Medium
362,26,Operations,125457,2,1,6,1,No,High
363,43,Operations,87866,1,3,9,4,No,Medium
364,50,Sales,46905,1,18,4,2,No,Low
365,24,HR,75838,2,5,7,3,No,Medium
366,33,Operations,88279,1,0,1,2,No,Medium
367,47,Operations,119489,3,16,6,1,No,High
368,37,IT,56806,3,7,3,4,No,Medium
369,58,HR,75000,1,18,8,2,No,Medium
370,43,IT,52168,3,0,0,1,No,Medium
371,50,HR,100119,4,4,6,3,Yes,High
372,35,IT,68714,1,15,5,3,No,Medium
373,49,Operations,84093,2,5,7,3,No,Medium
374,26,Operations,85419,4,7,4,1,No,Medium
375,51,Sales,79145,1,12,0,4,No,Medium
376,26,IT,135432,2,15,0,2,No,High
377,33,Finance,107425,3,2,8,3,No,High
378,37,Sales,122949,2,18,9,1,No,High
379,47,IT,107811,4,11,5,1,No,High
380,47,IT,32461,3,15,9,2,No,Low
381,42,Sales,44291,1,10,4,3,Yes,Low
382,57,Operations,76804,3,9,0,1,No,Medium
383,54,IT,106971,1,19,5,2,No,High
384,51,Operations,123471,1,3,5,4,Yes,High
385,58,Sales,94946,2,11,2,4,No,Medium
386,44,Operations,128989,2,1,7,4,No,High
387,31,HR,114080,2,18,0,3,Yes,High
388,26,Finance,91332,4,4,0,2,No,Medium
389,57,IT,107794,4,7,5,2,No,High
390,55,Finance,60841,2,6,9,1,Yes,Medium
391,52,Operations,78758,4,13,0,1,No,Medium
392,31,IT,144726,3,2,5,1,No,High
393,40,Operations,106272,3,17,0,2,No,High
394,53,HR,67643,4,15,5,1,No,Medium
395,22,Sales,80408,4,18,2,2,No,Medium
396,26,IT,73950,3,18,7,2,No,Medium
397,25,HR,86849,1,17,5,4,Yes,Medium
398,37,HR,130500,3,19,0,1,No,High
399,45,IT,58044,3,15,4,4,No,Medium
400,37,Operations,135469,4,7,7,3,Yes,High
401,23,HR,45997,3,0,2,3,No,Low
402,49,Finance,109751,4,16,5,3,No,High
403,53,HR,128605,4,11,4,2,No,High
404,48,Operations,53911,2,10,5,2,No,Medium
405,41,Operations,85533,3,4,9,2,No,Medium
406,45,Finance,112566,1,11,0,1,No,High
407,33,HR,124870,2,16,6,4,No,High
408,56,Operations,44571,4,5,8,2,No,Low
409,54,IT,138255,4,0,1,4,No,High
410,54,Sales,124463,1,4,9,4,No,High
411,58,Sales,87941,4,13,4,4,No,Medium
412,33,Sales,88005,3,4,9,1,No,Medium
413,24,HR,116250,2,0,3,1,No,High
414,22,Finance,88712,4,17,5,3,No,Medium
415,54,Operations,73541,4,15,5,3,Yes,Medium
416,31,IT,53387,1,8,1,4,No,Medium
417,50,IT,123980,3,18,1,3,No,High
418,34,HR,78908,4,4,3,4,Yes,Medium
419,33,Sales,115457,1,1,0,1,No,High
420,52,HR,43057,4,14,8,1,No,Low
421,23,Finance,94028,1,6,6,1,No,Medium
422,56,Finance,140804,1,3,6,2,No,High
423,44,Operations,149246,3,0,2,4,No,High
424,38,Operations,85731,4,12,2,1,No,Medium
425,47,Finance,54858,3,19,0,4,Yes,Medium
426,29,Finance,78689,1,6,2,3,No,Medium
427,50,Finance,74638,2,14,2,3,No,Medium
428,47,HR,121598,4,13,3,1,No,High
429,31,Finance,132386,2,18,3,4,No,High
430,47,IT,76486,4,19,2,1,No,Medium
431,55,Sales,50567,3,17,9,3,No,Medium
432,28,Finance,59739,3,9,7,1,Yes,Medium
433,25,Sales,87804,3,8,7,4,Yes,Medium
434,32,HR,138821,3,7,0,3,No,High
435,50,Sales,33754,3,9,6,2,No,Low
436,57,HR,57044,2,16,1,3,No,Medium
437,46,IT,97260,3,1,0,2,No,Medium
438,42,HR,96912,1,5,2,1,Yes,Medium
439,57,HR,38706,1,4,3,1,No,Low
440,31,Operations,38894,2,8,5,4,No,Low
441,58,Finance,48037,4,4,9,2,No,Low
442,30,Finance,113986,1,17,4,1,No,High
443,45,IT,111942,4,19,3,2,No,High
444,56,IT,81612,2,8,7,1,Yes,Medium
445,56,Finance,59725,4,16,3,3,No,Medium
446,57,Operations,35926,4,16,9,1,No,Low
447,39,Finance,134555,4,11,1,4,No,High
448,53,Operations,39496,4,6,2,3,No,Low
449,45,IT,86447,2,2,5,4,Yes,Medium
450,44,Sales,131604,1,9,7,3,Yes,High
451,53,IT,59806,3,1,7,2,No,Medium
452,58,IT,118199,4,2,8,4,No,High
453,33,HR,71321,1,15,6,1,Yes,Medium
454,34,HR,132031,1,1,1,2,Yes,High
455,44,HR,95095,2,9,7,1,Yes,Medium
456,46,HR,52656,1,5,6,3,No,Medium
457,56,Operations,85147,2,10,7,3,Yes,Medium
458,51,Finance,121396,4,6,2,1,No,High
459,38,Sales,79666,4,14,6,1,No,Medium
460,41,IT,112368,3,5,9,2,No,High
461,46,Operations,68787,3,19,8,1,Yes,Medium
462,43,Sales,143767,3,8,2,4,No,High
463,34,Operations,92946,1,19,9,4,Yes,Medium
464,40,Operations,51727,4,11,5,1,No,Medium
465,57,IT,138351,2,18,1,4,No,High
466,33,Finance,125081,3,19,1,1,No,High
467,40,HR,140058,2,2,4,2,No,High
468,33,Finance,98056,2,14,4,4,No,Medium
469,30,IT,33081,3,1,6,4,No,Low
470,28,IT,64196,4,1,1,1,No,Medium
471,49,IT,66735,3,2,6,4,No,Medium
472,35,Sales,134749,2,5,4,3,No,High
473,52,Finance,110102,3,14,5,2,No,High
474,40,Finance,109578,2,9,7,2,No,High
475,37,Operations,55498,2,8,9,4,No,Medium
476,26,Operations,106865,3,0,3,4,No,High
477,56,Operations,61656,1,15,6,3,No,Medium
478,33,IT,97695,3,5,5,3,No,Medium
479,46,Finance,67900,1,8,9,4,No,Medium
480,42,IT,147235,2,3,1,4,Yes,High
481,57,Sales,114899,2,1,7,3,No,High
482,44,Operations,77701,1,3,9,1,No,Medium
483,37,IT,138777,2,0,8,3,No,High
484,35,IT,49033,1,18,4,1,No,Low
485,52,Sales,40805,1,9,9,2,No,Low
486,26,HR,65851,2,14,3,2,Yes,Medium
487,56,Finance,56832,4,18,5,3,No,Medium
488,44,HR,93437,1,15,7,1,Yes,Medium
489,50,Operations,145725,3,3,2,3,Yes,High
490,32,IT,43944,3,1,9,3,No,Low
491,39,Sales,49873,2,12,0,1,No,Low
492,33,Sales,70372,4,0,3,3,No,Medium
493,30,Finance,119464,2,16,3,2,No,High
494,31,HR,45379,4,12,0,4,Yes,Low
495,38,Finance,147322,1,3,8,4,No,High
496,59,IT,66751,1,6,2,3,No,Medium
497,28,Finance,130082,1,16,4,1,No,High
498,34,Sales,119822,1,8,5,1,No,High
499,30,Sales,35110,3,3,7,2,No,Low
500,48,Operations,84341,3,18,5,1,No,Medium
501,23,Operations,42087,2,0,2,1,Yes,Low
502,26,IT,53762,4,9,5,2,No,Medium
503,50,HR,145812,1,3,0,3,No,High
504,58,Finance,112617,1,8,3,4,Yes,High
505,59,IT,130483,4,12,5,2,Yes,High
506,40,Operations,39596,4,13,6,3,No,Low
507,29,Finance,133555,2,9,9,2,No,High
508,22,Operations,137539,4,5,2,3,Yes,High
509,43,Finance,48313,1,15,8,2,No,Low
510,38,HR,143175,1,5,6,3,No,High
511,28,IT,96549,1,16,0,2,No,Medium
512,46,Finance,144914,1,9,1,3,No,High
513,25,Sales,53705,1,17,0,2,No,Medium
514,57,Sales,97364,2,17,8,4,No,Medium
515,27,Finance,103445,1,2,8,4,No,High
516,52,Finance,133892,2,19,6,1,No,High
517,40,Finance,108645,1,14,9,3,No,High
518,48,Sales,32023,3,14,2,2,Yes,Low
519,31,Sales,149654,3,3,4,3,No,High
520,47,Finance,89796,3,8,3,4,No,Medium
521,40,Operations,110073,3,18,6,3,No,High
522,24,Operations,122197,2,16,8,2,No,High
523,34,HR,94429,2,10,1,3,No,Medium
524,49,IT,134195,4,8,7,2,No,High
525,41,Operations,91627,1,9,8,4,No,Medium
526,49,Sales,63848,3,17,9,4,No,Medium
527,29,Operations,67804,2,19,9,4,No,Medium
528,22,HR,45379,1,12,8,1,No,Low
529,24,HR,89664,1,7,9,4,No,Medium
530,34,IT,57766,2,6,6,3,No,Medium
531,49,Operations,139126,3,16,8,1,Yes,High
532,46,Sales,98099,4,14,8,4,No,Medium
533,54,Sales,66060,1,19,2,3,No,Medium
534,59,Finance,124733,4,14,3,3,No,High
535,27,Sales,99122,3,0,1,3,No,Medium
536,53,IT,46087,3,13,9,2,No,Low
537,42,IT,78868,4,4,2,1,No,Medium
538,37,Sales,149119,3,10,4,3,No,High
539,42,Sales,53225,1,15,4,2,No,Medium
540,32,Finance,125286,4,1,5,4,No,High
541,58,Sales,36643,3,7,6,3,No,Low
542,57,Finance,123059,4,10,6,2,No,High
543,56,Finance,66727,1,17,0,3,No,Medium
544,40,Sales,41005,3,2,1,1,No,Low
545,41,HR,139079,1,0,8,1,Yes,High
546,39,HR,95697,3,10,9,4,No,Medium
547,35,Finance,46029,2,15,1,3,No,Low
548,36,Sales,145281,3,17,5,2,No,High
549,52,HR,44226,4,15,0,4,No,Low
550,22,Sales,93646,3,9,2,3,No,Medium
551,24,Sales,90603,1,17,1,4,No,Medium
552,37,Sales,58731,1,5,2,2,Yes,Medium
553,44,Operations,139458,3,18,4,4,No,High
554,32,Sales,140384,4,3,9,4,No,High
555,33,Operations,98926,2,12,5,4,No,Medium
556,31,Finance,35997,4,13,8,3,No,Low
557,53,HR,85506,2,2,9,2,No,Medium
558,37,HR,108229,1,9,3,1,Yes,High
559,29,HR,79815,4,5,6,3,No,Medium
560,59,HR,72092,2,0,5,1,No,Medium
561,33,HR,92539,3,13,1,1,No,Medium
562,45,HR,96077,1,7,9,3,No,Medium
563,49,HR,51817,3,18,7,3,No,Medium
564,29,Finance,67861,1,13,6,2,No,Medium
565,49,Sales,43428,4,9,6,2,No,Low
566,57,IT,73934,4,16,7,4,No,Medium
567,47,Operations,145555,1,8,0,1,No,High
568,29,IT,144367,1,5,0,2,No,High
569,49,IT,40258,1,10,7,4,No,Low
570,49,Sales,87775,4,6,3,2,No,Medium
571,58,Sales,111580,2,16,4,3,No,High
572,57,Sales,124947,3,0,7,2,No,High
573,48,HR,35469,3,4,4,1,No,Low
574,38,Finance,58854,4,8,9,2,No,Medium
575,30,HR,36256,3,17,3,1,Yes,Low
576,54,Finance,106256,1,1,5,3,Yes,High
577,41,Finance,63937,2,10,4,1,No,Medium
578,34,IT,129134,3,5,6,2,No,High
579,49,IT,31651,2,7,9,4,No,Low
580,50,Finance,80288,1,3,6,3,No,Medium
581,34,Finance,114730,3,17,3,2,No,High
582,56,HR,55051,4,10,4,3,Yes,Medium
583,27,HR,57386,2,4,2,3,No,Medium
584,39,IT,105054,1,14,3,2,No,High
585,26,Sales,141562,2,17,3,2,No,High
586,46,Finance,46184,3,1,2,4,No,Low
587,23,HR,63787,3,10,9,3,No,Medium
588,31,IT,51621,4,12,4,3,No,Medium
589,51,HR,105564,1,3,4,2,No,High
590,26,Finance,107984,1,6,6,1,No,High
591,54,Finance,89792,4,10,3,2,No,Medium
592,22,Operations,75253,4,3,3,3,No,Medium
593,39,Sales,64051,1,14,8,2,Yes,Medium
594,53,Operations,79811,2,0,5,4,No,Medium
595,32,IT,60447,2,2,3,1,Yes,Medium
596,42,HR,113930,4,13,1,2,No,High
597,47,IT,130037,2,5,5,4,No,High
598,46,Finance,60254,1,17,1,3,No,Medium
599,43,Operations,114045,3,0,4,2,No,High
600,48,Operations,146859,3,5,5,3,Yes,High
601,34,Operations,87418,2,5,3,4,No,Medium
602,54,IT,144534,4,15,2,3,No,High
603,55,Finance,44472,4,4,6,4,No,Low
604,56,HR,141193,4,16,1,4,Yes,High
605,22,HR,33471,4,9,5,4,No,Low
606,42,IT,137332,4,17,3,2,Yes,High
607,27,Operations,125804,2,6,5,3,Yes,High
608,49,Sales,38329,3,2,3,3,No,Low
609,38,IT,64865,3,12,3,1,No,Medium
610,26,IT,76850,2,14,3,1,No,Medium
611,52,Finance,84220,4,19,8,1,Yes,Medium
612,26,HR,142234,2,18,6,1,No,High
613,59,IT,123808,3,2,2,3,No,High
614,24,IT,138381,1,3,2,4,No,High
615,44,Operations,36397,2,4,5,4,No,Low
616,58,Operations,127909,4,0,5,2,No,High
617,58,Sales,65525,3,3,3,4,No,Medium
618,31,Finance,83072,3,11,8,3,No,Medium
619,31,Sales,120106,3,9,3,3,No,High
620,40,Operations,113820,3,19,8,3,No,High
621,38,HR,114530,4,12,3,2,No,High
622,42,Operations,53284,1,13,1,1,No,Medium
623,35,Finance,91330,3,4,1,4,No,Medium
624,30,Operations,113369,2,3,4,3,Yes,High
625,22,Finance,55122,1,13,3,3,No,Medium
626,34,Finance,100553,3,9,6,1,No,High
627,25,Finance,111906,1,16,4,3,No,High
628,22,Finance,124788,2,9,5,4,No,High
629,53,Finance,92812,3,6,9,2,No,Medium
630,55,HR,37999,2,15,3,3,No,Low
631,49,Sales,52436,4,0,1,4,No,Medium
632,52,IT,72963,3,16,9,3,No,Medium
633,29,Sales,32096,3,8,8,1,No,Low
634,47,Finance,143737,3,5,9,3,Yes,High
635,55,HR,55279,3,18,6,3,No,Medium
636,24,Operations,138899,4,12,3,2,Yes,High
637,33,HR,144245,3,2,2,1,No,High
638,22,Finance,56201,1,6,9,1,No,Medium
639,26,HR,49715,3,8,2,2,No,Low
640,51,HR,59309,4,4,8,3,No,Medium
641,51,Finance,45078,3,9,4,4,No,Low
642,38,HR,86614,1,16,2,1,No,Medium
643,44,IT,35105,4,11,4,1,No,Low
644,36,IT,147666,4,15,1,3,No,High
645,58,HR,124848,1,2,3,3,No,High
646,42,Operations,32839,1,8,9,1,No,Low
647,35,Finance,98920,1,14,1,3,No,Medium
648,23,IT,73619,1,4,1,4,No,Medium
649,32,Operations,72821,1,12,7,1,No,Medium
650,59,HR,43493,4,13,0,4,No,Low
651,55,Operations,47069,4,19,6,4,No,Low
652,59,Sales,142443,3,14,4,3,Yes,High
653,55,IT,37531,3,15,7,4,No,Low
654,39,HR,67051,2,12,0,3,No,Medium
655,51,Finance,37736,3,16,6,2,No,Low
656,36,HR,37710,3,7,4,3,No,Low
657,48,Finance,97155,1,1,3,4,No,Medium
658,55,HR,43975,1,4,6,2,No,Low
659,59,Operations,92424,3,5,9,3,No,Medium
660,54,Operations,75603,2,11,1,4,No,Medium
661,45,Operations,53252,1,17,0,1,No,Medium
662,36,Sales,110797,3,0,0,1,No,High
663,51,Finance,31431,3,16,0,3,Yes,Low
664,38,Operations,104603,4,10,4,3,No,High
665,26,Sales,67481,2,9,9,1,No,Medium
666,50,Finance,122573,4,18,6,4,No,High
667,25,HR,39557,2,13,1,4,Yes,Low
668,31,Sales,104971,1,9,9,4,No,High
669,38,IT,133302,2,14,7,3,No,High
670,31,Sales,30162,3,18,3,2,No,Low
671,38,Sales,64742,3,3,2,2,No,Medium
672,41,Finance,49675,2,1,9,2,Yes,Low
673,45,HR,103997,2,8,7,2,No,High
674,26,IT,47015,2,9,1,2,No,Low
675,55,Operations,80057,4,10,2,3,No,Medium
676,27,Operations,62591,2,13,2,3,Yes,Medium
677,23,Sales,123583,1,6,9,2,No,High
678,34,Finance,130318,4,14,0,3,No,High
679,32,Finance,39833,4,18,5,3,No,Low
680,44,Operations,37896,2,14,1,2,Yes,Low
681,37,IT,62972,1,7,0,4,No,Medium
682,52,HR,79733,4,10,1,3,No,Medium
683,32,IT,71800,3,8,5,4,No,Medium
684,37,HR,126044,4,14,3,3,No,High
685,29,Operations,35347,2,0,5,3,No,Low
686,25,HR,89063,1,0,8,2,No,Medium
687,25,Finance,125850,2,18,9,3,Yes,High
688,46,Sales,32643,3,2,9,1,No,Low
689,24,Sales,70785,3,9,7,1,Yes,Medium
690,53,Operations,48681,3,7,0,2,No,Low
691,24,Finance,80026,2,14,7,4,No,Medium
692,48,IT,133864,4,9,8,4,No,High
693,50,Finance,45892,2,0,5,4,Yes,Low
694,53,Sales,77299,1,17,9,1,No,Medium
695,40,Sales,47073,4,1,4,4,No,Low
696,42,Finance,132304,3,18,5,4,Yes,High
697,26,Finance,60682,2,12,5,2,Yes,Medium
698,39,Sales,127798,3,0,8,4,Yes,High
699,49,IT,126894,3,1,3,1,No,High
700,43,Operations,44289,1,15,1,1,No,Low
701,42,Operations,145359,4,14,8,1,No,High
702,27,Finance,37927,1,12,1,2,Yes,Low
703,22,Operations,78330,1,15,9,2,No,Medium
704,26,Sales,96707,1,16,8,3,No,Medium
705,33,Sales,107454,3,6,1,4,No,High
706,47,Finance,137439,1,16,7,2,No,High
707,55,Finance,134646,1,6,8,1,Yes,High
708,35,Finance,95428,4,12,9,1,Yes,Medium
709,47,IT,80601,4,4,8,2,Yes,Medium
710,48,Operations,107465,1,16,9,2,No,High
711,30,Finance,32539,4,2,8,2,Yes,Low
712,47,HR,132263,4,6,1,3,No,High
713,43,HR,141487,1,16,3,1,No,High
714,51,Sales,52669,3,6,6,3,No,Medium
715,38,Operations,100968,1,0,1,3,No,High
716,47,Finance,50644,4,16,0,4,No,Medium
717,57,HR,48745,3,16,2,1,No,Low
718,22,Operations,58228,2,10,3,1,Yes,Medium
719,29,Sales,148358,3,2,7,2,No,High
720,56,IT,64521,4,14,5,2,No,Medium
721,36,Operations,127239,3,10,1,4,No,High
722,43,Operations,56928,1,15,8,3,No,Medium
723,35,IT,48322,2,8,1,2,No,Low
724,47,Operations,87714,2,0,4,2,No,Medium
725,49,Sales,117896,2,15,3,1,No,High
726,44,Sales,92292,4,8,6,1,No,Medium
727,35,IT,59055,4,18,7,2,Yes,Medium
728,45,Finance,72891,2,11,4,1,No,Medium
729,23,HR,111912,3,18,9,4,No,High
730,47,Finance,36588,2,8,4,2,No,Low
731,35,Operations,120536,3,6,1,1,No,High
732,28,HR,36304,3,13,7,4,No,Low
733,24,IT,37345,4,18,1,1,Yes,Low
734,44,IT,59300,3,18,9,1,No,Medium
735,39,HR,54259,2,1,5,1,No,Medium
736,59,Sales,121006,4,8,7,2,No,High
737,56,HR,118553,1,12,5,3,Yes,High
738,36,Operations,45352,1,14,3,1,No,Low
739,46,Sales,63365,4,2,3,4,No,Medium
740,58,IT,49446,2,10,5,2,No,Low
741,49,HR,32336,1,13,3,2,No,Low
742,31,Finance,92032,1,7,7,4,Yes,Medium
743,38,Finance,105415,3,17,8,1,No,High
744,43,Operations,127852,3,18,0,3,No,High
745,47,Finance,128876,2,15,3,1,No,High
746,46,HR,37521,4,1,3,4,No,Low
747,38,HR,101707,2,7,1,2,Yes,High
748,34,Finance,53481,4,5,5,3,No,Medium
749,41,HR,48474,1,11,2,2,No,Low
750,46,Operations,76760,3,14,6,4,No,Medium
751,25,Sales,85718,2,7,4,1,No,Medium
752,31,Operations,74629,2,3,3,3,No,Medium
753,24,Operations,75232,4,14,4,2,No,Medium
754,39,HR,116544,4,19,7,2,Yes,High
755,57,Sales,97169,2,16,2,2,No,Medium
756,43,HR,80669,4,12,6,1,No,Medium
757,55,IT,108021,2,17,5,3,No,High
758,29,HR,139153,2,1,0,1,No,High
759,40,HR,99184,2,12,6,1,No,Medium
760,58,HR,77945,1,12,6,1,No,Medium
761,27,Sales,43140,4,14,0,4,No,Low
762,47,HR,113457,3,19,8,4,No,High
763,55,Sales,44357,3,9,5,4,No,Low
764,27,Finance,141672,4,2,1,3,Yes,High
765,58,IT,98673,2,18,4,1,No,Medium
766,54,Sales,95633,3,2,3,1,Yes,Medium
767,43,Finance,106943,3,13,6,4,No,High
768,42,Sales,126111,4,7,7,1,No,High
769,27,Sales,108258,3,3,0,1,No,High
770,27,IT,42924,2,19,4,2,No,Low
771,25,Operations,99286,4,10,2,1,No,Medium
772,51,Operations,123269,2,10,0,2,Yes,High
773,32,Sales,104071,3,10,2,1,No,High
774,51,HR,87326,3,1,5,3,No,Medium
775,52,Finance,120023,2,16,6,4,No,High
776,45,HR,60651,1,8,7,2,No,Medium
777,30,HR,100202,3,1,3,4,No,High
778,24,Sales,78777,1,14,2,2,No,Medium
779,52,Sales,46994,3,15,4,2,No,Low
780,58,Sales,97263,1,3,8,2,No,Medium
781,57,Sales,89634,1,7,5,3,Yes,Medium
782,45,Operations,130158,1,8,8,1,Yes,High
783,52,Sales,40800,2,4,5,2,No,Low
784,27,Operations,67823,1,15,1,3,No,Medium
785,23,Operations,138575,1,12,4,2,No,High
786,41,Sales,93878,1,6,8,1,Yes,Medium
787,49,IT,48708,3,19,7,2,No,Low
788,32,Finance,42819,1,16,6,3,No,Low
789,25,HR,104905,3,2,0,1,No,High
790,36,Operations,93870,1,4,3,3,No,Medium
791,27,Finance,39283,1,18,6,1,Yes,Low
792,51,IT,60573,2,11,6,1,No,Medium
793,59,HR,108707,3,6,5,4,No,High
794,23,HR,60933,1,8,7,4,Yes,Medium
795,36,Operations,35774,3,5,5,4,Yes,Low
796,32,Sales,102055,3,16,9,1,Yes,High
797,29,IT,40983,4,15,2,2,Yes,Low
798,47,Operations,126468,2,2,3,3,No,High
799,26,IT,126334,2,3,2,3,No,High
800,27,Sales,48133,2,9,0,3,Yes,Low
801,47,Sales,44939,4,4,9,4,Yes,Low
802,25,Operations,30781,4,9,4,1,No,Low
803,40,Sales,144586,2,11,0,4,No,High
804,41,Finance,86700,4,9,0,2,No,Medium
805,54,HR,57624,4,12,1,1,No,Medium
806,41,Operations,36823,4,10,3,3,No,Low
807,33,IT,48489,2,15,5,4,No,Low
808,22,Finance,148555,2,7,7,4,Yes,High
809,47,Operations,69961,2,7,2,2,No,Medium
810,35,Sales,149664,4,7,0,2,No,High
811,59,Sales,59118,2,12,2,4,No,Medium
812,58,Sales,130417,4,1,2,2,No,High
813,32,Sales,111816,1,11,4,3,No,High
814,57,IT,52263,4,9,3,2,No,Medium
815,34,Finance,43565,3,11,3,2,No,Low
816,24,HR,50354,2,10,8,4,Yes,Medium
817,54,IT,72951,2,14,6,4,Yes,Medium
818,27,IT,121179,3,15,3,1,No,High
819,31,HR,53648,4,16,2,1,No,Medium
820,26,HR,80729,1,1,5,4,No,Medium
821,44,Sales,71971,3,17,2,2,No,Medium
822,31,IT,48658,3,11,5,2,Yes,Low
823,23,Operations,51253,4,18,8,1,Yes,Medium
824,34,HR,94166,2,17,5,1,No,Medium
825,23,HR,78563,4,16,3,1,No,Medium
826,41,Finance,56390,3,5,4,3,No,Medium
827,22,Operations,118664,3,14,5,3,No,High
828,58,Operations,81578,2,2,2,1,No,Medium
829,30,HR,109025,2,5,7,2,No,High
830,38,Sales,133850,2,2,3,1,Yes,High
831,30,Finance,62658,4,0,7,3,No,Medium
832,32,Operations,36852,2,12,9,2,No,Low
833,36,HR,124986,3,13,9,3,No,High
834,45,Operations,32551,3,12,2,2,No,Low
835,59,Finance,101947,1,3,9,3,No,High
836,56,Finance,91001,4,6,6,2,No,Medium
837,51,IT,79159,1,9,8,2,Yes,Medium
838,52,HR,81707,3,6,3,2,No,Medium
839,26,Finance,63243,1,14,7,2,Yes,Medium
840,35,IT,51800,3,14,2,4,No,Medium
841,32,IT,105939,1,3,6,3,Yes,High
842,30,Operations,87828,2,5,2,3,No,Medium
843,55,Operations,37239,1,19,6,4,No,Low
844,33,IT,36710,2,4,9,2,No,Low
845,56,Operations,51384,2,19,9,2,No,Medium
846,56,Finance,51038,4,11,5,3,Yes,Medium
847,22,Sales,70846,2,0,1,4,No,Medium
848,43,Finance,117983,2,7,2,2,No,High
849,50,IT,97821,1,0,5,2,No,Medium
850,29,IT,67991,3,4,3,2,Yes,Medium
851,32,Finance,109057,4,5,5,1,No,High
852,58,Operations,143193,2,2,0,4,No,High
853,35,Operations,36971,4,14,9,2,Yes,Low
854,51,IT,59139,1,4,0,1,No,Medium
855,56,HR,115445,2,13,2,4,No,High
856,42,Operations,107067,1,17,7,2,No,High
857,58,Finance,110257,4,15,7,3,No,High
858,26,Operations,114742,1,5,3,1,No,High
859,40,Finance,67711,4,13,5,1,No,Medium
860,35,IT,36530,1,7,7,2,No,Low
861,47,Operations,41116,4,6,6,2,No,Low
862,25,Finance,95794,3,7,6,1,No,Medium
863,46,IT,30282,1,12,3,3,No,Low
864,46,HR,109473,1,5,8,3,No,High
865,39,Finance,31898,3,17,9,4,No,Low
866,29,HR,34135,3,1,5,2,No,Low
867,35,HR,36629,1,7,2,3,No,Low
868,53,Sales,139472,3,10,4,4,No,High
869,59,Operations,115120,2,0,4,3,Yes,High
870,54,Finance,149798,4,5,4,2,No,High
871,44,HR,119087,4,15,7,4,No,High
872,36,Sales,95031,4,19,8,4,Yes,Medium
873,54,IT,63380,2,11,8,4,No,Medium
874,46,Finance,142507,3,10,5,3,No,High
875,38,HR,47071,3,9,5,2,No,Low
876,54,Operations,50074,1,2,8,4,No,Medium
877,23,Sales,120724,3,12,3,1,No,High
878,35,HR,97843,1,2,5,2,Yes,Medium
879,27,Operations,69901,2,14,3,1,No,Medium
880,27,HR,41205,4,15,0,1,Yes,Low
881,24,Finance,85661,4,12,6,4,Yes,Medium
882,28,Finance,35906,4,16,9,4,Yes,Low
883,29,Finance,32591,3,2,5,3,No,Low
884,36,Sales,92987,1,19,8,3,No,Medium
885,50,Finance,93370,1,10,6,3,Yes,Medium
886,54,Operations,110685,2,18,6,2,Yes,High
887,51,HR,140454,3,10,1,3,No,High
888,48,IT,135487,2,15,8,1,Yes,High
889,57,Operations,84400,1,2,9,3,Yes,Medium
890,50,Operations,55150,1,5,8,4,Yes,Medium
891,59,Finance,61852,4,13,5,3,No,Medium
892,54,Sales,72870,3,17,2,2,No,Medium
893,58,HR,149796,1,16,0,2,No,High
894,48,Sales,82756,4,3,3,1,No,Medium
895,54,HR,145357,3,14,2,2,No,High
896,25,HR,149052,2,10,0,3,No,High
897,43,Sales,86481,3,2,2,4,No,Medium
898,23,Operations,31283,3,2,3,2,No,Low
899,31,HR,63691,1,15,7,1,No,Medium
900,26,Sales,31125,1,4,8,3,Yes,Low
901,31,HR,97065,3,9,2,1,No,Medium
902,54,IT,56170,1,18,5,2,No,Medium
903,59,Operations,38438,1,3,9,2,No,Low
904,34,Finance,50095,1,18,4,1,No,Medium
905,52,HR,46154,4,10,5,3,No,Low
906,57,IT,38004,4,1,3,2,Yes,Low
907,45,Finance,39752,3,9,9,4,No,Low
908,36,Finance,85426,1,10,5,2,No,Medium
909,50,HR,138896,4,19,6,3,No,High
910,29,Sales,56819,3,15,8,2,No,Medium
911,26,HR,132168,1,18,9,1,No,High
912,50,IT,122051,2,10,6,2,No,High
913,25,Finance,54217,1,13,5,2,No,Medium
914,33,HR,118708,1,1,0,3,Yes,High
915,23,Sales,62994,4,4,1,1,No,Medium
916,48,HR,45036,3,4,0,3,No,Low
917,52,Operations,107275,3,18,8,2,No,High
918,57,Sales,127756,4,11,9,4,No,High
919,57,IT,79416,1,17,9,2,No,Medium
920,47,Finance,39587,2,3,8,3,No,Low
921,48,HR,140053,1,16,6,4,No,High
922,26,Sales,125665,1,9,1,3,No,High
923,41,Operations,30645,2,19,5,3,No,Low
924,32,Sales,60930,4,5,3,1,No,Medium
925,31,Operations,111835,3,13,0,4,Yes,High
926,59,IT,60090,4,10,0,2,No,Medium
927,27,Finance,117489,4,10,4,3,No,High
928,29,IT,82142,1,17,1,2,No,Medium
929,44,HR,141979,3,17,3,1,Yes,High
930,47,Sales,56475,3,10,0,1,No,Medium
931,33,Operations,48888,4,11,3,4,No,Low
932,47,Operations,73732,2,4,5,1,No,Medium
933,34,Sales,111623,4,8,9,1,No,High
934,39,Sales,76305,2,8,3,2,No,Medium
935,46,HR,76037,3,9,0,1,No,Medium
936,54,IT,39346,4,18,6,1,Yes,Low
937,33,Operations,30587,1,0,1,3,No,Low
938,57,HR,42763,4,6,8,1,No,Low
939,25,IT,89165,3,3,2,3,Yes,Medium
940,26,HR,137481,1,0,7,1,No,High
941,58,Operations,99615,1,14,7,1,No,Medium
942,29,Sales,66116,2,7,2,4,No,Medium
943,49,Sales,115751,1,11,3,4,No,High
944,52,IT,121353,1,17,1,3,No,High
945,30,Finance,120301,4,14,3,1,Yes,High
946,50,IT,125648,3,16,8,2,Yes,High
947,35,Finance,55556,2,13,1,4,No,Medium
948,43,HR,89042,4,13,2,2,No,Medium
949,32,HR,48099,1,17,3,4,No,Low
950,44,Operations,139089,1,19,4,4,No,High
951,22,Finance,75096,2,17,0,1,No,Medium
952,58,Operations,101986,3,15,6,4,No,High
953,42,Sales,43230,2,0,9,2,No,Low
954,47,Finance,59009,4,10,6,4,No,Medium
955,57,IT,100969,2,14,8,3,No,High
956,44,Sales,63866,1,11,3,1,No,Medium
957,22,Sales,135400,4,7,5,1,No,High
958,36,IT,114246,1,19,1,3,Yes,High
959,42,Sales,106975,3,5,3,3,No,High
960,30,Finance,71855,1,2,1,3,No,Medium
961,30,Operations,111557,1,12,9,4,Yes,High
962,31,Sales,36416,2,12,4,1,No,Low
963,47,Finance,102516,1,1,6,3,Yes,High
964,56,HR,85915,4,4,0,4,No,Medium
965,46,Finance,48058,4,16,9,3,No,Low
966,47,Operations,106637,3,5,9,2,No,High
967,32,Finance,70718,4,1,6,2,Yes,Medium
968,59,IT,62602,2,3,9,1,No,Medium
969,23,Operations,104658,3,10,5,4,No,High
970,28,HR,108112,4,7,5,2,No,High
971,39,IT,88067,2,11,7,2,No,Medium
972,48,Finance,57516,4,7,7,4,Yes,Medium
973,55,Operations,117969,4,10,5,3,No,High
974,48,HR,31089,1,19,2,4,No,Low
975,38,IT,67346,4,7,4,3,No,Medium
976,45,HR,104663,4,7,1,2,Yes,High
977,46,Finance,40487,2,16,4,2,Yes,Low
978,28,HR,30155,2,19,8,2,Yes,Low
979,27,Sales,97494,1,19,9,1,No,Medium
980,45,IT,106229,4,15,0,1,No,High
981,54,HR,134648,1,13,9,1,No,High
982,50,Finance,68547,4,10,4,4,No,Medium
983,43,Finance,58795,3,6,5,2,No,Medium
984,47,HR,85296,3,15,6,2,No,Medium
985,49,Finance,51447,1,12,8,4,No,Medium
986,42,Operations,66598,1,14,5,1,Yes,Medium
987,28,Operations,71814,1,15,4,4,No,Medium
988,38,Operations,120751,2,8,6,1,No,High
989,41,Sales,105330,2,2,0,2,Yes,High
990,41,HR,128745,2,18,4,3,No,High
991,43,Sales,117960,1,19,1,1,No,High
992,49,Finance,93278,4,4,3,2,No,Medium
993,28,Sales,85077,3,9,6,2,No,Medium
994,22,Finance,142782,1,16,4,3,No,High
995,53,Finance,132932,2,14,5,2,No,High
996,34,IT,101906,2,7,1,2,No,High
997,51,Operations,39528,1,14,2,1,No,Low
998,44,Finance,123812,1,13,6,1,No,High
999,40,IT,80100,2,19,1,3,No,Medium
1000,53,Operations,139869,4,6,5,3,No,High
